rank,position,title,asin,rating,ratings_total,price.symbol,price.value,price.currency,price.raw,current_category.name,current_category.id,parent_category.name,parent_category.id
1,1,$25 Xbox Gift Card - [Digital Code],B08M8NR5KM,4.4,2773,$,25.0,CAD,$25.00,Video Games,videogames,Any Department,zgbs
2,2,DualSense Wireless Controller - Midnight Black,B0951JZDWT,4.6,3115,$,89.96,CAD,$89.96,Video Games,videogames,Any Department,zgbs
3,3,Meta Quest 2 — Advanced All-In-One Virtual Reality Headset 128 GB,B09B2YFYYX,4.5,27456,$,279.96,CAD,$279.96,Video Games,videogames,Any Department,zgbs
4,4,Prince of Persia™: The Lost Crown - Nintendo Switch,B0C7SNL397,4.6,158,$,39.99,CAD,$39.99,Video Games,videogames,Any Department,zgbs
5,5,Xbox Game Pass Ultimate: 1 Month Membership [Digital Code],B08M8WSRX9,4.6,681,$,16.99,CAD,$16.99,Video Games,videogames,Any Department,zgbs
6,6,"Amazon Basics 3-Button USB Wired Computer Mouse (Black), 1-Pack",B005EJH6RW,4.5,79059,$,11.71,CAD,$11.71,Video Games,videogames,Any Department,zgbs
7,7,Super Mario Bros.™ Wonder – Nintendo Switch,B0C8VP76Z2,4.8,1796,$,68.04,CAD,$68.04,Video Games,videogames,Any Department,zgbs
8,8,"Prince of Persia™: The Lost Crown - Standard Edition, PlayStation 5",B0C7RP9T1G,4.6,158,$,39.99,CAD,$39.99,Video Games,videogames,Any Department,zgbs
9,9,"Logitech M185 Wireless Mouse, 2.4GHz with USB Mini Receiver, 12-Month Battery Life, 1000 DPI Optical Tracking, Ambidextrous, ",B00P43PCI8,4.6,27293,$,19.99,CAD,$19.99,Video Games,videogames,Any Department,zgbs
10,10,Minecraft for Nintendo Switch,B07D13QGXM,4.7,42121,$,29.96,CAD,$29.96,Video Games,videogames,Any Department,zgbs
11,11,"Controller for Nintendo Switch, Switch Controllers Left and Right Support Vibration/6-Axis Gyroscope and Wake-up Function",B0CG359M61,4.5,367,$,39.99,CAD,$39.99,Video Games,videogames,Any Department,zgbs
12,12,"Wireless Mouse,Rechargeable Mouse Wireless 2.4G USB Ergonomic Computer Mouse(Battery Level Visible),Silent Wireless Mice for ",B0BZY54XX6,4.4,2770,$,18.99,CAD,$18.99,Video Games,videogames,Any Department,zgbs
13,13,"[2024 New Version] CuleedTec Wireless Switch Controller, Switch Pro Controller Compatible with Switch/Lite/OLED, Manette Swit",B07P8Q868K,4.5,9089,$,25.49,CAD,$25.49,Video Games,videogames,Any Department,zgbs
14,14,Meta Quest 3 128GB — Breakthrough Mixed Reality — Powerful Performance — Asgard’s Wrath 2 Bundle,B0C8VKH1ZH,4.4,7711,$,649.96,CAD,$649.96,Video Games,videogames,Any Department,zgbs
15,15,"Logitech G502 HERO High Performance Wired Gaming Mouse, HERO 25K Sensor, 25,600 DPI, RGB, Adjustable Weights, 11 Programmable",B07GBZ4Q68,4.5,49443,$,69.98,CAD,$69.98,Video Games,videogames,Any Department,zgbs
16,16,"Xbox Core Wireless Gaming Controller – Electric Volt – Xbox Series X|S, Xbox One, Windows PC, Android, and iOS",B08ZNQN1FP,4.6,78551,$,67.98,CAD,$67.98,Video Games,videogames,Any Department,zgbs
17,17,"[3 Pack] Screen Protector Tempered Glass for Nintendo Switch, iVoler Transparent HD Clear Anti-Scratch Screen Protector Compa",B0795GHTBC,4.6,39551,$,8.49,CAD,$8.49,Video Games,videogames,Any Department,zgbs
18,18,Unicorn Overlord - Nintendo Switch - Standard Edition Edition,B0CJ3ZGM7Y,4.8,143,$,54.99,CAD,$54.99,Video Games,videogames,Any Department,zgbs
19,19,"Ozeino Gaming Headset for PS5 PS4 Xbox One Switch PC, Over Ear Gaming Headphones with Noise Cancelling Microphone Volume Cont",B09H7BZN98,4.3,3830,$,35.99,CAD,$35.99,Video Games,videogames,Any Department,zgbs
20,20,"Carrying Case for Nintendo Switch and NEW Switch OLED Model(2021), iVoler Protective Portable HardShell Pouch Carrying Travel",B07C91PXNM,4.7,6877,$,16.5,CAD,$16.50,Video Games,videogames,Any Department,zgbs
21,21,"Xbox Core Wireless Gaming Controller – Pulse Red – Xbox Series X|S, Xbox One, Windows PC, Android, and iOS",B0859XT328,4.6,78551,$,68.98,CAD,$68.98,Video Games,videogames,Any Department,zgbs
22,22,Mario Kart™ 8 Deluxe – Nintendo Switch,B071XNBL33,4.8,12310,$,75.95,CAD,$75.95,Video Games,videogames,Any Department,zgbs
23,23,PlayStation Portal Remote Player - PlayStation 5,B0CJT5DJ16,4.3,553,$,269.96,CAD,$269.96,Video Games,videogames,Any Department,zgbs
24,24,"JOREST 33Pcs Precision Screwdriver Set, Tool Kit with Security Torx T5 T6 T8 T9, Triwing Y00, Star P5, etc, Repair for Ring D",B09FFCGLHK,4.5,8039,$,12.99,CAD,$12.99,Video Games,videogames,Any Department,zgbs
25,25,Nintendo Switch Pro Controller,B01NAWKYZ0,4.8,70212,$,89.96,CAD,$89.96,Video Games,videogames,Any Department,zgbs
26,26,Princess Peach™: Showtime! (CAN Version),B0CJ3GFZ53,4.4,34,$,77.99,CAD,$77.99,Video Games,videogames,Any Department,zgbs
27,27,Xbox Series X Console,B08H75RTZ8,4.8,26072,$,464.8,CAD,$464.80,Video Games,videogames,Any Department,zgbs
28,28,"Energizer 123 Lithium Batteries, 3V CR123A Lithium Photo Batteries (6 Battery Count)",B0036QL1JY,4.6,24776,$,33.99,CAD,$33.99,Video Games,videogames,Any Department,zgbs
29,29,[UL Listed] 6ft Ac Power Cord for Ps5 Ps4 Ps3 Playstation 4 3 Slim Ac Power Cable,B07JHPRZTD,4.7,2704,$,7.98,CAD,$7.98,Video Games,videogames,Any Department,zgbs
30,30,"AceGamer Wireless Controller for PS4, Purple Galaxy Custom Design with Non-Slip Grips of Both Sides, Turbo Function and 3.5mm",B0BZ46D72R,4.1,595,$,29.99,CAD,$29.99,Video Games,videogames,Any Department,zgbs
31,31,"Xbox Core Wireless Gaming Controller – Astral Purple – Xbox Series X|S, Xbox One, Windows PC, Android, and iOS",B0CCSTWB9R,4.6,78551,$,70.93,CAD,$70.93,Video Games,videogames,Any Department,zgbs
32,32,"Wireless Controller for PS4, with Audio Jack, Vibration, Six-Axis Motion Control, Touchpad, Controller for PS4/Slim/Pro/PC",B0CQYM9WKB,4.4,3415,$,26.99,CAD,$26.99,Video Games,videogames,Any Department,zgbs
33,33,Persona 3 Reload: Standard Edition - PlayStation 5,B0CGFCC193,4.7,300,$,54.99,CAD,$54.99,Video Games,videogames,Any Department,zgbs
34,34,"HyperX Cloud Alpha - Gaming Headset, Dual Chamber Drivers, Legendary Comfort, Aluminum Frame, Detachable Microphone, Works on",B074NBSF9N,4.4,25945,$,99.99,CAD,$99.99,Video Games,videogames,Any Department,zgbs
35,35,Amazon Basics Ergonomic Wireless PC Mouse - DPI adjustable - Black,B0787D6SGQ,4.3,21399,$,18.99,CAD,$18.99,Video Games,videogames,Any Department,zgbs
36,36,New Super Mario Bros. U Deluxe Switch,B07HKVRQZ9,4.8,4047,$,68.0,CAD,$68.00,Video Games,videogames,Any Department,zgbs
37,37,[4 Pack] iVoler Tempered Glass Screen Protector Designed for Nintendo Switch OLED Model 2021 with [Alignment Frame] Transpare,B09B4MJ9H3,4.7,24564,$,12.98,CAD,$12.98,Video Games,videogames,Any Department,zgbs
38,38,The Legend of Zelda™: Tears of the Kingdom – Nintendo Switch,B0BV8XX3FF,4.9,3066,$,80.0,CAD,$80.00,Video Games,videogames,Any Department,zgbs
39,39,Paper Mario™: The Thousand-Year Door (CAN Version),B0CXQPR3F5,4.5,0,$,79.99,CAD,$79.99,Video Games,videogames,Any Department,zgbs
40,40,"OIVO XSX Controller Charger Station with 2 Packs Rechargeable Battery Packs for Xbox Series X/S/One/Elite/Core Controller, Xb",B08LBK5J49,4.5,16598,$,26.99,CAD,$26.99,Video Games,videogames,Any Department,zgbs
41,41,Bayonetta Origins: Cereza and the Lost Demon™,B0BQMWBBPB,4.9,35,$,39.99,CAD,$39.99,Video Games,videogames,Any Department,zgbs
42,42,"[2024 New Version] Switch Controller, Wireless Pro Controller Switch Lite, Switch Remote Controller Gamepad Joystick, Turbo a",B09J4FKYK9,4.5,3676,$,22.09,CAD,$22.09,Video Games,videogames,Any Department,zgbs
43,43,DualSense Wireless Controller - Cosmic Red,B0951LJBPD,4.7,1637,$,94.0,CAD,$94.00,Video Games,videogames,Any Department,zgbs
44,44,"SteelSeries Rival 3 Gaming Mouse - 8, 500 CPI Truemove Core Optical Sensor - 6 Programmable Buttons - Split Trigger Buttons -",B08176SM7C,4.5,5261,$,29.98,CAD,$29.98,Video Games,videogames,Any Department,zgbs
45,45,"Gaming Keyboard, 104 Keys All-Metal Panel, Dacoity Rainbow LED Backlit Quiet Computer Keyboard, Wrist Rest, Multimedia Keys, ",B09TZWLFLY,4.4,2826,$,30.99,CAD,$30.99,Video Games,videogames,Any Department,zgbs
46,46,"BINNUNE Gaming Headset with Microphone for Xbox Series X|S Xbox One PS4 PS5 PC, Gamer Headphones with Mic Casque for Xbox 1 P",B0BZL94RVY,4.3,864,$,35.99,CAD,$35.99,Video Games,videogames,Any Department,zgbs
47,47,PlayStation 5 Digital Edition Console (slim),B0CL7NKBBL,4.7,1187,$,579.0,CAD,$579.00,Video Games,videogames,Any Department,zgbs
48,48,"GameSir G7 SE Wired Controller for Xbox Series X|S, Xbox One & Windows 10/11, Plug and Play Gaming Gamepad with Hall Effect J",B0C7GW9F88,4.4,4279,$,63.99,CAD,$63.99,Video Games,videogames,Any Department,zgbs
49,49,DualSense Edge Wireless Controller,B0BKBJXJZZ,4.6,647,$,269.0,CAD,$269.00,Video Games,videogames,Any Department,zgbs
50,50,"Head Strap with Battery for Oculus Quest 2, 7500mAh Extend 4-5H Playtime, Adjustable Comfort Elite Head Strap Replacement, Li",B0BM9L3XJL,4.5,369,$,44.01,CAD,$44.01,Video Games,videogames,Any Department,zgbs
51,1,"Logitech G203 2nd Gen Wired Gaming Mouse, 8,000 DPI, Rainbow Optical Effect LIGHTSYNC RGB, 6 Programmable Buttons, On-Board M",B07YN82X3B,4.6,16056,$,39.99,CAD,$39.99,Video Games,videogames,Any Department,zgbs
52,2,"Vassink Ergonomic Mouse, Rechargeable Wireless Mouse, 2.4GHz Rechargeable Wireless Vertical Optical Mice with USB Receiver, 6",B09MVS1CXZ,4.1,991,$,31.99,CAD,$31.99,Video Games,videogames,Any Department,zgbs
53,3,"PS4 Controller Charging Cable, [2Pack 10FT] Micro USB 2.0 Nylon Braided High Speed Data Sync Cord for Playstation 4, PS4 Pro/",B0B27ZS9BV,4.5,894,$,13.99,CAD,$13.99,Video Games,videogames,Any Department,zgbs
54,4,PlayStation 4 USB Charging Cable,B00HUXPZPK,4.6,40527,$,13.73,CAD,$13.73,Video Games,videogames,Any Department,zgbs
55,5,Mario Vs. Donkey Kong™ (CAN Version),B0CJ3J383H,4.6,119,$,64.96,CAD,$64.96,Video Games,videogames,Any Department,zgbs
56,6,Stellar Blade - PlayStation 5,B0CTVB45QY,4.5,0,$,89.96,CAD,$89.96,Video Games,videogames,Any Department,zgbs
57,7,"PS5 Controller Charger, OIVO PS5 Charging Station for Dualsense Controller, PS5 Controller Charger Station with Fast Charging",B08LZGPPBH,4.6,17520,$,29.99,CAD,$29.99,Video Games,videogames,Any Department,zgbs
58,8,"Logitech G Driving Force Shifter – Compatible with G29, G920 & G923 Racing Wheels for-PlayStation-5-Playstation-4-Xbox-Series",B00Z0UWV3O,4.5,30798,$,69.99,CAD,$69.99,Video Games,videogames,Any Department,zgbs
59,9,"Wired Mouse, USB Wired Mouse with 6 Buttons Silent Click Ergonomic 1.5M USB Cable Computer Mouse Gaming Mice Silent Click 320",B0C7TSNKZW,4.4,2770,$,15.99,CAD,$15.99,Video Games,videogames,Any Department,zgbs
60,10,"NUBWO G06 Dual Wireless Gaming Headset with Microphone for PS5, PS4, PC, Mobile, Switch: 2.4GHz Wireless + Bluetooth - 100 Hr",B08TBF4S42,4.3,12475,$,59.99,CAD,$59.99,Video Games,videogames,Any Department,zgbs
61,11,"AceGamer Wireless Controller for PS4, Custom Design V2 Gamepad Joystick for PS4 with Non-Slip Grip of Both Sides and 3.5mm Au",B0BWH7FBZC,4.3,685,$,32.99,CAD,$32.99,Video Games,videogames,Any Department,zgbs
62,12,"KontrolFreek FPS Freek Galaxy Purple for PlayStation 4 (PS4) and PlayStation 5 (PS5) | Performance Thumbsticks | 1 High-Rise,",B016P09VFS,4.5,26285,$,22.99,CAD,$22.99,Video Games,videogames,Any Department,zgbs
63,13,PlayStation 5 Disc Edition Console (slim),B0CL7RQRY9,4.7,1187,$,649.0,CAD,$649.00,Video Games,videogames,Any Department,zgbs
64,14,Nintendo Switch™ - OLED Model with White Joy-Con,B098RKWHHZ,4.8,27813,$,444.88,CAD,$444.88,Video Games,videogames,Any Department,zgbs
65,15,"Gtheos Wireless Gaming Headphones 2.4GHz for PS5, PS4, PC, Mac, Nintendo Switch, Bluetooth 5.2 Gaming Headset with Detachable",B0BPY2Y4ZC,4.3,3777,$,59.99,CAD,$59.99,Video Games,videogames,Any Department,zgbs
66,16,Power Supply for Xbox One [Latest Version] Replacement Power Brick Power Box for Xbox one Adapter AC Power Cord Cable 100-240,B07GD8TN2M,4.3,24117,$,29.99,CAD,$29.99,Video Games,videogames,Any Department,zgbs
67,17,"BENFEI HDMI to DVI, Bi Directional DVI-D 24+1 Male to HDMI Male High Speed Adapter Cable Support 1080P Full HD Compatible for",B07D6RL3VN,4.6,13064,$,11.59,CAD,$11.59,Video Games,videogames,Any Department,zgbs
68,18,"Charger for Nintendo Switch and Switch Lite and Switch OLED with 5FT Charger Cable for Switch, Support Switch TV Dock Mode AC",B07MVG7H8V,4.7,11909,$,17.99,CAD,$17.99,Video Games,videogames,Any Department,zgbs
69,19,DualSense Wireless Controller - Gray Camouflage,B0BDT72Z19,4.7,844,$,94.0,CAD,$94.00,Video Games,videogames,Any Department,zgbs
70,20,"Xbox Core Wireless Gaming Controller – Deep Pink – Xbox Series X|S, Xbox One, Windows PC, Android, and iOS",B09VV5LJS1,4.6,78551,$,69.0,CAD,$69.00,Video Games,videogames,Any Department,zgbs
71,21,"Turtle Beach Stealth 600 Gen 2 USB Wireless Amplified Gaming Headset - Licensed for Xbox Series X, Xbox Series S, & Xbox One ",B09SM79BY4,4.5,728,$,89.96,CAD,$89.96,Video Games,videogames,Any Department,zgbs
72,22,"HyperX Cloud II - Gaming Headset, 7.1 Surround Sound, Memory Foam Ear Pads, Durable Aluminum Frame, Detachable Microphone, Wo",B00SAYCXWG,4.4,95136,$,110.58,CAD,$110.58,Video Games,videogames,Any Department,zgbs
73,23,"Logitech Pebble Keys 2 K380s, Multi-Device Bluetooth Wireless Keyboard with Customizable Shortcuts, Slim and Portable, Easy-S",B0BT4DP7SC,4.6,22830,$,49.99,CAD,$49.99,Video Games,videogames,Any Department,zgbs
74,24,Unicorn Overlord - PlayStation 5 - Standard Edition Edition,B0CJ4KF5J7,4.7,54,$,54.99,CAD,$54.99,Video Games,videogames,Any Department,zgbs
75,25,DualSense Wireless Controller - White,B0CQKLS4RP,4.1,98,$,53.99,CAD,$53.99,Video Games,videogames,Any Department,zgbs
76,26,"Logitech F310 Wired Gamepad, Controller Console Like Layout, 4 Switch - Grey/Blue",B003VAHYQY,4.3,22824,$,24.98,CAD,$24.98,Video Games,videogames,Any Department,zgbs
77,27,PowerA Nintendo Switch Joy-Con Comfort Grip - Black,B01MS7YUA7,4.6,43691,$,17.44,CAD,$17.44,Video Games,videogames,Any Department,zgbs
78,28,"OIVO PS5 Charging Station, PS5 Controller Charger Station for Dualsense Controller, PS5 Charger for Playstation 5 Dual Contro",B08S3FMVV7,4.6,13071,$,21.99,CAD,$21.99,Video Games,videogames,Any Department,zgbs
79,29,"2 Pack 10FT/3M Charger Charging Cable for PS5/Xbox Series X/S Controller/Switch Pro Controller, Replacement USB Charging Cord",B08M8W189S,4.4,5926,$,15.99,CAD,$15.99,Video Games,videogames,Any Department,zgbs
80,30,Just Dance 2024 Edition - Amazon Exclusive Bundle | Nintendo Switch (Code in Box & Ubisoft Connect Code),B0C7RNTFLY,4.1,2214,$,39.99,CAD,$39.99,Video Games,videogames,Any Department,zgbs
81,31,Joy-Con™ (L)/(R) - Pastel Pink,B0CT3TZC8Q,4.7,100734,$,99.99,CAD,$99.99,Video Games,videogames,Any Department,zgbs
82,32,"daydayup Switch Carrying Case Compatible with Nintendo Switch/Switch OLED, with 20 Games Cartridges Protective Hard Shell Tra",B0711K97BS,4.7,31057,$,24.99,CAD,$24.99,Video Games,videogames,Any Department,zgbs
83,33,Splatoon 3 - Nintendo Switch - Standard Edition,B09KRL1RM6,4.7,646,,,,MSRPClick for price,Video Games,videogames,Any Department,zgbs
84,34,DualSense Wireless Controller - Galactic Purple,B09NMV37WB,4.7,1003,$,94.96,CAD,$94.96,Video Games,videogames,Any Department,zgbs
85,35,"VersionTECH. Gaming Mouse Ergonomic Wired Computer Mouse with 7 Colors LED Backlight, 4 DPI Settings Up to 3600 DPI Compatibl",B00WEVLE30,4.5,16178,$,16.99,CAD,$16.99,Video Games,videogames,Any Department,zgbs
86,36,DualSense Wireless Controller - Starlight Blue,B09NMXZQ2W,4.6,1062,$,94.0,CAD,$94.00,Video Games,videogames,Any Department,zgbs
87,37,"Switch Controller for Nintendo Switch, Replacement Wireless Switch Controllers Support Sports Dual Vibration/Wake-up/Motion C",B0CR1MG2D6,4.6,27,$,39.99,CAD,$39.99,Video Games,videogames,Any Department,zgbs
88,38,Fallout S.P.E.C.I.A.L. Anthology Edition (Codes in Box) - PC,B0CW3T6KXQ,4.2,11,$,79.99,CAD,$79.99,Video Games,videogames,Any Department,zgbs
89,39,New SteelSeries Arctis Nova 1P Multi-System Gaming Headset — Hi-Fi Drivers — 360° Spatial Audio — Comfort Design — Durable — ,B0B8QMW657,3.7,649,$,59.88,CAD,$59.88,Video Games,videogames,Any Department,zgbs
90,40,"Xbox Elite Wireless Gaming Controller Series 2 – Black – Xbox Series X|S, Xbox One, Windows PC, Android, and iOS",B07SFKTLZM,4.2,31097,$,211.88,CAD,$211.88,Video Games,videogames,Any Department,zgbs
91,41,"Wireless Controller for PS4, Controller Wireless for PS4, with Vibration, Audio Jack, Six-Axis Motion Control, Touchpad, for ",B0CPYMRFJT,4.4,3415,$,26.99,CAD,$26.99,Video Games,videogames,Any Department,zgbs
92,42,"Switch Charger for Nintendo Switch and Lite OLED with 5FT Charging Cable, AC Power Supply Adapter for Nintendo Switch with Ch",B08DVFHXYC,4.7,1903,$,22.99,CAD,$22.99,Video Games,videogames,Any Department,zgbs
93,43,Nintendo Switch™ with Neon Blue and Neon Red Joy‑Con™ (New Box),B0BFJWCYTL,4.8,6524,$,399.0,CAD,$399.00,Video Games,videogames,Any Department,zgbs
94,44,"JSAUX Docking Station for Steam Deck OLED 2023/ROG Ally/Legion Go, 5-in-1 Steam Deck Dock with HDMI 2.0 4K@60Hz, 100Mbps Ethe",B0B28PCDM2,4.3,1400,$,39.99,CAD,$39.99,Video Games,videogames,Any Department,zgbs
95,45,"BOBOVR M3 Pro Battery Pack Head Strap - Compatible with Meta Quest 3,Reduce Facial Stress,Magnetic Connection Hot-Swappable B",B0CJLG9SBR,4.5,1053,$,79.0,CAD,$79.00,Video Games,videogames,Any Department,zgbs
96,46,"Nintendo Switch OLED Model Carrying Case, 9 in 1 Accessories Kit",B07MR496WN,4.5,32243,$,23.99,CAD,$23.99,Video Games,videogames,Any Department,zgbs
97,47,Razer Cobra Wired Gaming Mouse: 58g Lightweight Design - Gen-3 Optical Switches - Chroma RGB Lighting with Underglow - Precis,B0C51J2ZXN,4.5,556,$,39.99,CAD,$39.99,Video Games,videogames,Any Department,zgbs
98,48,"KontrolFreek FPS Freek Galaxy Black for Playstation 4 (PS4) and Playstation 5 (PS5) | Performance Thumbsticks | 1 High-Rise, ",B0B4862QNJ,4.5,2501,$,22.99,CAD,$22.99,Video Games,videogames,Any Department,zgbs
99,49,"Redragon M908 Impact RGB Gaming Mouse, 12,400 DPI Wired Laser MMO Mouse with High Precision Actuation, 12 Macro Side Buttons ",B07FK9PKSM,4.4,6667,$,44.99,CAD,$44.99,Video Games,videogames,Any Department,zgbs
100,50,"Mechanical Gaming Keyboard,RGB 104 Keys Ultra-Slim Rainbow LED Backlit USB Wired Keyboard with Blue Switches,Durable ABS Keyc",B09TR4Y91J,4.4,1552,$,39.99,CAD,$39.99,Video Games,videogames,Any Department,zgbs
